Order_ID,Order_Date,City,Category,Unit_Price,Quantity,Discount_Percent,Payment_Method,Revenue,Cost,Profit
TA3-0001,2025-01-01 00:00:00.000000000,Jaipur,Clothing,1839.04,1,5.55,Credit Card,1736.97,975.84,761.13
TA3-0002,2025-01-02 05:13:02.608695652,Lucknow,Furniture,4788.32,1,5.78,UPI,4511.56,2646.63,1864.93
TA3-0003,2025-01-03 10:26:05.217391304,Hyderabad,Clothing,3416.17,1,16.8,Credit Card,2842.25,1948.82,893.43
TA3-0004,2025-01-04 15:39:07.826086956,Jaipur,Clothing,2464.35,3,0.49,Cash,7356.82,6107.36,1249.46
TA3-0005,2025-01-05 20:52:10.434782608,Bengaluru,Groceries,2515.83,7,2.6,Cash,17152.93,11061.01,6091.92
TA3-0006,2025-01-07 02:05:13.043478260,Hyderabad,Groceries,508.09,6,20.0,Net Banking,2438.83,1712.47,726.36
TA3-0007,2025-01-08 07:18:15.652173913,Hyderabad,Electronics,549.35,7,4.46,Net Banking,3673.94,2066.49,1607.45
TA3-0008,2025-01-09 12:31:18.260869565,Jaipur,Electronics,3051.96,3,16.32,Cash,7661.64,4554.87,3106.77
TA3-0009,2025-01-10 17:44:20.869565217,Mumbai,Furniture,2813.14,6,5.95,Cash,15874.55,13429.7,2444.85
TA3-0010,2025-01-11 22:57:23.478260869,Bengaluru,Electronics,1142.37,7,2.49,Cash,7797.47,6546.25,1251.22
TA3-0011,2025-01-13 04:10:26.086956521,Jaipur,Clothing,4736.35,1,6.08,Credit Card,4448.38,2453.2,1995.18
TA3-0012,2025-01-14 09:23:28.695652174,Bengaluru,Groceries,3928.35,5,18.06,Cash,16094.45,13447.61,2646.84
TA3-0013,2025-01-15 14:36:31.304347826,Bengaluru,Electronics,655.98,6,21.39,Debit Card,3094.0,2294.93,799.07
TA3-0014,2025-01-16 19:49:33.913043478,Hyderabad,Electronics,4661.55,4,20.76,UPI,14775.25,11973.5,2801.75
TA3-0015,2025-01-18 01:02:36.521739130,Lucknow,Furniture,4873.82,4,9.93,Cash,17559.4,12053.16,5506.24
TA3-0016,2025-01-19 06:15:39.130434782,Bengaluru,Furniture,4980.06,2,16.7,UPI,8296.78,5846.57,2450.21
TA3-0017,2025-01-20 11:28:41.739130434,Pune,Clothing,373.77,6,5.12,Credit Card,2127.8,1482.34,645.46
TA3-0018,2025-01-21 16:41:44.347826087,Hyderabad,Groceries,3711.47,5,7.33,UPI,17197.1,12898.84,4298.26
TA3-0019,2025-01-22 21:54:46.956521739,Mumbai,Furniture,2774.99,3,22.41,Credit Card,6459.34,3823.25,2636.09
TA3-0020,2025-01-24 03:07:49.565217391,Lucknow,Electronics,3558.57,1,0.33,Debit Card,3546.83,1982.65,1564.18
TA3-0021,2025-01-25 08:20:52.173913043,Pune,Groceries,4846.39,2,2.14,Credit Card,9485.35,6093.19,3392.16
TA3-0022,2025-01-26 13:33:54.782608695,Pune,Groceries,3471.35,4,5.2,Credit Card,13163.36,10022.64,3140.72
TA3-0023,2025-01-27 18:46:57.391304348,Mumbai,Electronics,4201.12,3,0.66,Net Banking,12520.18,7644.27,4875.91
TA3-0024,2025-01-29 00:00:00.000000000,Lucknow,Furniture,4347.66,3,4.54,,12450.83,9363.39,3087.44
TA3-0025,2025-01-30 05:13:02.608695652,Hyderabad,Electronics,4208.56,1,14.58,Cash,3594.95,3023.26,571.69
TA3-0026,2025-01-31 10:26:05.217391304,Delhi,Groceries,2187.85,6,10.54,Debit Card,11743.5,6789.74,4953.76
TA3-0027,2025-02-01 15:39:07.826086956,Lucknow,Beauty,1190.62,4,22.32,Debit Card,3699.49,2781.2,918.29
TA3-0028,2025-02-02 20:52:10.434782608,Mumbai,Beauty,2043.59,5,20.44,Cash,8129.4,5553.4,2576.0
TA3-0029,2025-02-04 02:05:13.043478261,Pune,Clothing,4470.29,3,,Net Banking,12264.24,9939.46,2324.78
TA3-0030,2025-02-05 07:18:15.652173913,Hyderabad,Electronics,818.36,1,6.49,Cash,765.25,461.56,303.69
TA3-0031,2025-02-06 12:31:18.260869565,Lucknow,Electronics,2615.3,5,9.49,,11835.54,8968.83,2866.71
TA3-0032,2025-02-07 17:44:20.869565217,Delhi,Clothing,1242.82,6,14.76,Debit Card,6356.28,5094.14,1262.14
TA3-0033,2025-02-08 22:57:23.478260869,Delhi,Clothing,2948.4,4,6.7,UPI,11003.43,9170.09,1833.34
TA3-0034,2025-02-10 04:10:26.086956521,Bengaluru,Clothing,4329.38,6,15.6,Debit Card,21923.98,16552.04,5371.94
TA3-0035,2025-02-11 09:23:28.695652174,Bengaluru,Groceries,4413.76,3,10.24,Debit Card,11885.37,8309.69,3575.68
TA3-0036,2025-02-12 14:36:31.304347826,Jaipur,Electronics,1259.76,5,13.8,Credit Card,5429.57,3992.66,1436.91
TA3-0037,2025-02-13 19:49:33.913043478,Mumbai,Groceries,4547.7,5,10.9,Credit Card,20260.0,16424.2,3835.8
TA3-0038,2025-02-15 01:02:36.521739130,Lucknow,Clothing,3000.25,5,7.36,Credit Card,13897.16,10022.39,3874.77
TA3-0039,2025-02-16 06:15:39.130434782,Lucknow,Electronics,1816.07,3,23.71,Credit Card,4156.44,2323.93,1832.51
TA3-0040,2025-02-17 11:28:41.739130434,Jaipur,Groceries,3570.09,3,19.09,Net Banking,8665.68,7186.32,1479.36
TA3-0041,2025-02-18 16:41:44.347826087,Pune,Groceries,2460.17,6,3.5,Cash,14244.38,10780.97,3463.41
TA3-0042,2025-02-19 21:54:46.956521739,Pune,Clothing,1952.14,2,21.71,UPI,3056.66,2301.52,755.14
TA3-0043,2025-02-21 03:07:49.565217391,Jaipur,Electronics,3554.91,6,12.19,Debit Card,18729.4,11513.01,7216.39
TA3-0044,2025-02-22 08:20:52.173913043,Pune,Clothing,1318.75,4,22.36,Net Banking,4095.51,3062.07,1033.44
TA3-0045,2025-02-23 13:33:54.782608696,Bengaluru,Electronics,1718.24,1,20.0,UPI,1374.59,918.45,456.14
TA3-0046,2025-02-24 18:46:57.391304348,Lucknow,Beauty,2228.81,5,10.63,Net Banking,9959.44,7423.47,2535.97
TA3-0047,2025-02-26 00:00:00.000000000,Jaipur,Furniture,1343.04,2,0.56,Net Banking,2671.04,1554.49,1116.55
TA3-0048,2025-02-27 05:13:02.608695652,Lucknow,Furniture,2085.49,1,,Debit Card,1945.35,1453.86,491.49
TA3-0049,2025-02-28 10:26:05.217391304,Delhi,Furniture,2900.22,2,13.54,Cash,5015.06,4261.92,753.14
TA3-0050,2025-03-01 15:39:07.826086956,Bengaluru,Clothing,3730.77,7,15.84,Credit Card,21978.71,12406.18,9572.53
TA3-0051,2025-03-02 20:52:10.434782609,Hyderabad,Beauty,3859.25,6,6.45,Cash,21661.97,18264.34,3397.63
TA3-0052,2025-03-04 02:05:13.043478261,Bengaluru,Electronics,4131.67,3,3.48,Debit Card,11963.66,8040.45,3923.21
TA3-0053,2025-03-05 07:18:15.652173913,Jaipur,Groceries,3746.64,5,20.87,Debit Card,14823.58,12025.27,2798.31
TA3-0054,2025-03-06 12:31:18.260869565,Hyderabad,Electronics,3437.09,6,24.61,Debit Card,15547.33,12200.23,3347.1
TA3-0055,2025-03-07 17:44:20.869565217,Delhi,Groceries,1263.78,1,13.14,UPI,1097.72,790.47,307.25
TA3-0056,2025-03-08 22:57:23.478260869,Jaipur,Electronics,2061.09,7,4.29,Cash,13808.68,10653.88,3154.8
TA3-0057,2025-03-10 04:10:26.086956522,Mumbai,Beauty,2440.8,7,6.81,Cash,15922.07,12953.47,2968.6
TA3-0058,2025-03-11 09:23:28.695652174,Lucknow,Groceries,506.17,7,0.46,Net Banking,3526.89,2367.4,1159.49
TA3-0059,2025-03-12 14:36:31.304347826,Delhi,Clothing,2689.01,1,22.86,Net Banking,2074.3,1344.37,729.93
TA3-0060,2025-03-13 19:49:33.913043478,Lucknow,Electronics,2238.05,1,2.94,Net Banking,2172.25,1629.79,542.46
TA3-0061,2025-03-15 01:02:36.521739130,Pune,Electronics,4030.34,1,14.41,Debit Card,3449.57,2733.28,716.29
TA3-0062,2025-03-16 06:15:39.130434782,Mumbai,Groceries,4891.71,1,6.85,Cash,4556.63,3548.18,1008.45
TA3-0063,2025-03-17 11:28:41.739130435,Mumbai,Clothing,2824.42,7,13.85,Debit Card,17032.66,13444.63,3588.03
TA3-0064,2025-03-18 16:41:44.347826087,Delhi,Clothing,1681.16,7,16.29,UPI,9851.09,6705.39,3145.7
TA3-0065,2025-03-19 21:54:46.956521739,Mumbai,Beauty,312.66,2,20.74,Net Banking,495.63,394.2,101.43
TA3-0066,2025-03-21 03:07:49.565217391,Hyderabad,Clothing,4630.75,6,5.16,,26350.82,15443.23,10907.59
TA3-0067,2025-03-22 08:20:52.173913043,Mumbai,Clothing,4603.67,5,0.27,Debit Card,22956.2,16375.73,6580.47
TA3-0068,2025-03-23 13:33:54.782608696,Lucknow,Clothing,1339.65,3,3.42,UPI,3881.5,2141.53,1739.97
TA3-0069,2025-03-24 18:46:57.391304348,Lucknow,Furniture,3507.51,7,22.5,Credit Card,19028.24,12318.42,6709.82
TA3-0070,2025-03-26 00:00:00.000000000,Jaipur,Beauty,469.63,3,21.85,Cash,1101.05,726.63,374.42
TA3-0071,2025-03-27 05:13:02.608695652,Lucknow,Electronics,914.46,6,14.94,Credit Card,4667.04,3121.56,1545.48
TA3-0072,2025-03-28 10:26:05.217391304,Jaipur,Groceries,1162.36,6,15.01,Net Banking,5927.34,4496.72,1430.62
TA3-0073,2025-03-29 15:39:07.826086956,Lucknow,Electronics,1543.02,3,16.63,Debit Card,3859.25,2572.45,1286.8
TA3-0074,2025-03-30 20:52:10.434782609,Hyderabad,Beauty,4979.57,7,4.38,UPI,33330.25,22818.16,10512.09
TA3-0075,2025-04-01 02:05:13.043478261,Jaipur,Groceries,3514.93,3,22.86,UPI,8134.25,5053.51,3080.74
TA3-0076,2025-04-02 07:18:15.652173913,Bengaluru,Beauty,1982.59,2,10.47,Cash,3550.03,2350.03,1200.0
TA3-0077,2025-04-03 12:31:18.260869565,Pune,Clothing,3711.79,4,9.58,Credit Card,13424.8,8298.95,5125.85
TA3-0078,2025-04-04 17:44:20.869565217,Delhi,Groceries,4584.75,7,12.97,Cash,27930.76,15975.24,11955.52
TA3-0079,2025-04-05 22:57:23.478260869,Lucknow,Clothing,4797.64,7,1.17,Debit Card,33190.55,24263.44,8927.11
TA3-0080,2025-04-07 04:10:26.086956522,Mumbai,Electronics,383.53,5,4.16,Cash,1837.88,1379.26,458.62
TA3-0081,2025-04-08 09:23:28.695652174,Lucknow,Electronics,2033.16,1,18.45,UPI,1658.04,1220.06,437.98
TA3-0082,2025-04-09 14:36:31.304347826,Mumbai,Groceries,623.1,4,2.07,UPI,2440.81,1681.84,758.97
TA3-0083,2025-04-10 19:49:33.913043478,Pune,Groceries,1744.73,6,15.08,Net Banking,8889.75,5902.22,2987.53
TA3-0084,2025-04-12 01:02:36.521739130,Pune,Beauty,931.43,7,6.13,Net Banking,6120.33,4951.35,1168.98
TA3-0085,2025-04-13 06:15:39.130434782,Pune,Beauty,3269.56,3,9.73,Debit Card,8854.3,6248.7,2605.6
TA3-0086,2025-04-14 11:28:41.739130435,Mumbai,Clothing,2002.52,4,7.22,Credit Card,7431.75,5155.81,2275.94
TA3-0087,2025-04-15 16:41:44.347826086,Lucknow,Groceries,1224.03,5,8.89,Cash,5576.07,3109.73,2466.34
TA3-0088,2025-04-16 21:54:46.956521738,Pune,Electronics,1403.1,6,17.98,Debit Card,6904.94,4504.61,2400.33
TA3-0089,2025-04-18 03:07:49.565217392,Hyderabad,Beauty,1865.69,1,7.43,Net Banking,1727.07,1146.88,580.19
TA3-0090,2025-04-19 08:20:52.173913044,Jaipur,Beauty,1373.75,1,14.16,Cash,1179.23,789.67,389.56
TA3-0091,2025-04-20 13:33:54.782608696,Mumbai,Electronics,2320.88,5,11.9,Net Banking,10223.48,7402.33,2821.15
TA3-0092,2025-04-21 18:46:57.391304348,Mumbai,Beauty,258.35,5,16.59,Cash,1077.45,765.08,312.37
TA3-0093,2025-04-23 00:00:00.000000000,Lucknow,Clothing,1470.84,3,23.42,Credit Card,3379.11,2474.76,904.35
TA3-0094,2025-04-24 05:13:02.608695652,Mumbai,Groceries,2114.91,7,18.31,Debit Card,12093.69,9426.61,2667.08
TA3-0095,2025-04-25 10:26:05.217391304,Mumbai,Electronics,3053.63,1,5.37,Cash,2889.65,2294.08,595.57
TA3-0096,2025-04-26 15:39:07.826086956,Pune,Groceries,1427.69,6,0.78,UPI,8499.32,6505.69,1993.63
TA3-0097,2025-04-27 20:52:10.434782608,Lucknow,Beauty,752.61,4,6.56,UPI,2812.96,2353.48,459.48
TA3-0098,2025-04-29 02:05:13.043478260,Pune,Beauty,473.38,6,14.88,Cash,2417.65,1342.93,1074.72
TA3-0099,2025-04-30 07:18:15.652173912,Jaipur,Electronics,4708.61,2,1.29,Cash,9295.74,5658.63,3637.11
TA3-0100,2025-05-01 12:31:18.260869566,Jaipur,Clothing,2141.53,2,12.41,Cash,3751.53,2071.85,1679.68
TA3-0101,2025-05-02 17:44:20.869565218,Pune,Furniture,2947.7,5,14.92,UPI,12539.52,9332.44,3207.08
TA3-0102,2025-05-03 22:57:23.478260870,Jaipur,Electronics,4603.97,3,8.36,,12657.23,10371.45,2285.78
TA3-0103,2025-05-05 04:10:26.086956522,Lucknow,Furniture,505.47,2,19.27,Cash,816.13,508.49,307.64
TA3-0104,2025-05-06 09:23:28.695652174,Delhi,Furniture,4395.64,1,2.66,Net Banking,4278.72,3543.25,735.47
TA3-0105,2025-05-07 14:36:31.304347826,Pune,Clothing,2802.78,6,1.88,Net Banking,16500.53,9373.62,7126.91
TA3-0106,2025-05-08 19:49:33.913043478,Hyderabad,Furniture,907.69,6,18.2,Credit Card,4454.94,3699.07,755.87
TA3-0107,2025-05-10 01:02:36.521739130,Hyderabad,Furniture,2115.15,5,12.39,Debit Card,9265.41,6073.35,3192.06
TA3-0108,2025-05-11 06:15:39.130434782,Mumbai,Clothing,3910.25,7,17.21,Net Banking,22661.07,13153.08,9507.99
TA3-0109,2025-05-12 11:28:41.739130434,Jaipur,Furniture,2453.81,7,10.87,UPI,15309.57,10651.81,4657.76
TA3-0110,2025-05-13 16:41:44.347826086,Hyderabad,Furniture,4927.9,4,6.16,Net Banking,18497.37,11598.46,6898.91
TA3-0111,2025-05-14 21:54:46.956521738,Mumbai,Furniture,1946.02,5,20.48,Credit Card,7737.38,4916.81,2820.57
TA3-0112,2025-05-16 03:07:49.565217392,Delhi,Electronics,3772.93,4,19.99,Credit Card,12074.89,7754.34,4320.55
TA3-0113,2025-05-17 08:20:52.173913044,Lucknow,Electronics,2025.65,7,17.37,Debit Card,11716.56,9266.72,2449.84
TA3-0114,2025-05-18 13:33:54.782608696,Lucknow,Electronics,4162.9,5,6.8,Net Banking,19399.11,13807.29,5591.82
TA3-0115,2025-05-19 18:46:57.391304348,Lucknow,Clothing,2888.5,5,14.76,UPI,12310.79,7920.67,4390.12
TA3-0116,2025-05-21 00:00:00.000000000,Hyderabad,Beauty,411.21,5,9.02,UPI,1870.59,1371.33,499.26
TA3-0117,2025-05-22 05:13:02.608695652,Delhi,Furniture,280.43,7,2.29,Cash,1918.06,1467.02,451.04
TA3-0118,2025-05-23 10:26:05.217391304,Hyderabad,Furniture,755.88,4,22.93,UPI,2330.23,1472.21,858.02
TA3-0119,2025-05-24 15:39:07.826086956,Jaipur,Clothing,166.99,4,3.42,Debit Card,645.12,434.85,210.27
TA3-0120,2025-05-25 20:52:10.434782608,Hyderabad,Furniture,469.26,5,23.76,Debit Card,1788.82,1049.26,739.56
TA3-0121,2025-05-27 02:05:13.043478260,Delhi,Electronics,3489.4,2,11.15,UPI,6200.66,3747.34,2453.32
TA3-0122,2025-05-28 07:18:15.652173912,Delhi,Beauty,2718.3,3,,UPI,7777.33,5866.71,1910.62
TA3-0123,2025-05-29 12:31:18.260869564,Jaipur,Groceries,3774.56,7,13.55,Cash,22841.75,13806.27,9035.48
TA3-0124,2025-05-30 17:44:20.869565218,Delhi,Furniture,4574.51,3,21.82,UPI,10729.06,7591.34,3137.72
TA3-0125,2025-05-31 22:57:23.478260870,Delhi,Electronics,2967.23,3,18.31,Cash,7271.79,5546.3,1725.49
TA3-0126,2025-06-02 04:10:26.086956522,Lucknow,Groceries,3657.99,4,20.16,Cash,11682.16,6799.75,4882.41
TA3-0127,2025-06-03 09:23:28.695652174,Jaipur,Beauty,3809.7,4,16.47,UPI,12728.97,9167.32,3561.65
TA3-0128,2025-06-04 14:36:31.304347826,Bengaluru,Groceries,1951.47,2,17.31,Credit Card,3227.34,2023.44,1203.9
TA3-0129,2025-06-05 19:49:33.913043478,Bengaluru,Electronics,1281.32,3,21.23,Credit Card,3027.89,2540.03,487.86
TA3-0130,2025-06-07 01:02:36.521739130,Delhi,Groceries,1104.72,3,6.24,Cash,3107.36,2159.81,947.55
TA3-0131,2025-06-08 06:15:39.130434782,Bengaluru,Clothing,1332.07,5,12.24,UPI,5845.12,4628.15,1216.97
TA3-0132,2025-06-09 11:28:41.739130434,Bengaluru,Groceries,1446.19,4,5.53,Credit Card,5464.86,3907.75,1557.11
TA3-0133,2025-06-10 16:41:44.347826086,Delhi,Furniture,1115.42,3,24.69,UPI,2520.07,1418.86,1101.21
TA3-0134,2025-06-11 21:54:46.956521738,Bengaluru,Furniture,4403.28,6,23.6,UPI,20184.64,14935.53,5249.11
TA3-0135,2025-06-13 03:07:49.565217392,Hyderabad,Clothing,3809.3,2,0.99,UPI,7543.18,6301.73,1241.45
TA3-0136,2025-06-14 08:20:52.173913044,Mumbai,Electronics,329.79,6,17.64,Net Banking,1629.69,1190.46,439.23
TA3-0137,2025-06-15 13:33:54.782608696,Jaipur,Furniture,1416.5,6,23.13,UPI,6533.18,5198.82,1334.36
TA3-0138,2025-06-16 18:46:57.391304348,Mumbai,Beauty,208.71,7,4.51,Net Banking,1395.08,1137.36,257.72
TA3-0139,2025-06-18 00:00:00.000000000,Delhi,Furniture,2541.01,7,14.2,Cash,15261.31,9437.96,5823.35
TA3-0140,2025-06-19 05:13:02.608695652,Lucknow,Furniture,2433.43,2,22.89,Credit Card,3752.84,2302.79,1450.05
TA3-0141,2025-06-20 10:26:05.217391304,Jaipur,Electronics,4173.72,6,0.85,Credit Card,24829.46,18207.3,6622.16
TA3-0142,2025-06-21 15:39:07.826086956,Delhi,Groceries,1608.11,3,17.44,Credit Card,3982.97,2681.77,1301.2
TA3-0143,2025-06-22 20:52:10.434782608,Lucknow,Furniture,4100.29,4,7.43,Credit Card,15182.55,12175.77,3006.78
TA3-0144,2025-06-24 02:05:13.043478260,Mumbai,Clothing,4843.07,2,23.11,Credit Card,7447.67,6107.14,1340.53
TA3-0145,2025-06-25 07:18:15.652173912,Delhi,Groceries,533.2,5,24.28,Credit Card,2018.7,1324.32,694.38
TA3-0146,2025-06-26 12:31:18.260869564,Jaipur,Beauty,3979.91,6,23.61,Credit Card,18241.52,11329.1,6912.42
TA3-0147,2025-06-27 17:44:20.869565218,Jaipur,Electronics,2990.78,2,11.86,Cash,5272.15,4134.2,1137.95
TA3-0148,2025-06-28 22:57:23.478260870,Pune,Beauty,2452.23,1,21.55,UPI,1923.77,1216.67,707.1
TA3-0149,2025-06-30 04:10:26.086956522,Hyderabad,Groceries,2160.63,1,21.11,Debit Card,1704.52,1358.13,346.39
TA3-0150,2025-07-01 09:23:28.695652174,Bengaluru,Groceries,3944.87,7,7.98,Net Banking,25410.49,17205.99,8204.5
TA3-0151,2025-07-02 14:36:31.304347826,Lucknow,Groceries,3232.87,4,20.72,Debit Card,10252.08,7691.78,2560.3
TA3-0152,2025-07-03 19:49:33.913043478,Pune,Beauty,4044.72,3,0.93,Debit Card,12021.31,6956.26,5065.05
TA3-0153,2025-07-05 01:02:36.521739130,Bengaluru,Groceries,4525.44,4,14.91,UPI,15402.79,11354.29,4048.5
TA3-0154,2025-07-06 06:15:39.130434782,Bengaluru,Beauty,3124.59,4,5.75,UPI,11779.7,8075.34,3704.36
TA3-0155,2025-07-07 11:28:41.739130434,Delhi,Groceries,4904.27,4,3.01,UPI,19026.61,13812.99,5213.62
TA3-0156,2025-07-08 16:41:44.347826086,Bengaluru,Clothing,3079.63,4,1.92,Credit Card,12082.0,7254.08,4827.92
TA3-0157,2025-07-09 21:54:46.956521738,Hyderabad,Groceries,3219.56,5,17.41,Cash,13295.17,10251.4,3043.77
TA3-0158,2025-07-11 03:07:49.565217390,Jaipur,Beauty,2818.6,5,8.5,,12895.1,10430.06,2465.04
TA3-0159,2025-07-12 08:20:52.173913044,Pune,Furniture,545.91,7,18.12,Cash,3128.94,1924.37,1204.57
TA3-0160,2025-07-13 13:33:54.782608696,Bengaluru,Groceries,3659.35,2,1.63,Cash,7199.41,4166.4,3033.01
TA3-0161,2025-07-14 18:46:57.391304348,Delhi,Furniture,2782.49,1,7.88,Debit Card,2563.23,1427.95,1135.28
TA3-0162,2025-07-16 00:00:00.000000000,Hyderabad,Clothing,2309.46,4,13.49,Debit Card,7991.66,5934.54,2057.12
TA3-0163,2025-07-17 05:13:02.608695652,Mumbai,Electronics,4561.31,7,19.77,,25616.77,18754.76,6862.01
TA3-0164,2025-07-18 10:26:05.217391304,Jaipur,Clothing,1560.0,2,7.97,Cash,2871.34,2050.16,821.18
TA3-0165,2025-07-19 15:39:07.826086956,Jaipur,Groceries,2665.65,1,15.65,Credit Card,2248.48,1393.12,855.36
TA3-0166,2025-07-20 20:52:10.434782608,Pune,Furniture,3518.45,6,22.15,Credit Card,16434.68,10966.4,5468.28
TA3-0167,2025-07-22 02:05:13.043478260,Jaipur,Furniture,4002.71,3,15.4,Debit Card,10158.88,7399.15,2759.73
TA3-0168,2025-07-23 07:18:15.652173912,Bengaluru,Beauty,2350.8,5,5.82,UPI,11069.92,7738.21,3331.71
TA3-0169,2025-07-24 12:31:18.260869564,Delhi,Furniture,4226.25,6,,Cash,25202.82,21330.05,3872.77
TA3-0170,2025-07-25 17:44:20.869565218,Jaipur,Beauty,3867.7,1,21.75,Credit Card,3026.48,1788.44,1238.04
TA3-0171,2025-07-26 22:57:23.478260870,Jaipur,Electronics,424.56,6,0.53,Debit Card,2533.86,1922.04,611.82
TA3-0172,2025-07-28 04:10:26.086956522,Mumbai,Groceries,324.72,3,21.87,Credit Card,761.11,510.93,250.18
TA3-0173,2025-07-29 09:23:28.695652172,Mumbai,Beauty,3141.95,7,13.22,Cash,19086.09,12949.15,6136.94
TA3-0174,2025-07-30 14:36:31.304347824,Lucknow,Electronics,1802.33,1,23.48,Cash,1379.14,1055.43,323.71
TA3-0175,2025-07-31 19:49:33.913043476,Hyderabad,Furniture,1124.74,6,19.97,Net Banking,5400.78,4092.34,1308.44
TA3-0176,2025-08-02 01:02:36.521739132,Bengaluru,Furniture,2940.28,5,24.95,UPI,11033.4,9349.45,1683.95
TA3-0177,2025-08-03 06:15:39.130434784,Jaipur,Electronics,1773.66,5,8.77,Net Banking,8090.55,4761.44,3329.11
TA3-0178,2025-08-04 11:28:41.739130436,Jaipur,Furniture,2732.59,2,19.18,Debit Card,4416.96,2567.28,1849.68
TA3-0179,2025-08-05 16:41:44.347826088,Delhi,Electronics,2354.58,6,10.05,Credit Card,12707.67,9750.62,2957.05
TA3-0180,2025-08-06 21:54:46.956521740,Lucknow,Beauty,2965.35,4,12.0,Debit Card,10438.03,7552.08,2885.95
TA3-0181,2025-08-08 03:07:49.565217392,Hyderabad,Beauty,2061.47,6,15.69,Cash,10428.15,6593.18,3834.97
TA3-0182,2025-08-09 08:20:52.173913044,Lucknow,Electronics,3518.57,7,21.84,Net Banking,19250.8,11046.61,8204.19
TA3-0183,2025-08-10 13:33:54.782608696,Pune,Beauty,982.33,1,24.6,Net Banking,740.68,426.41,314.27
TA3-0184,2025-08-11 18:46:57.391304348,Hyderabad,Beauty,3512.86,1,19.21,Net Banking,2838.04,2322.25,515.79
TA3-0185,2025-08-13 00:00:00.000000000,Jaipur,Beauty,2117.14,7,10.44,Debit Card,13272.77,8064.01,5208.76
TA3-0186,2025-08-14 05:13:02.608695652,Jaipur,Clothing,4384.16,6,10.53,Cash,23535.05,15227.45,8307.6
TA3-0187,2025-08-15 10:26:05.217391304,Hyderabad,Groceries,2624.66,7,18.44,Credit Card,14984.71,9260.5,5724.21
TA3-0188,2025-08-16 15:39:07.826086956,Jaipur,Furniture,4868.24,3,5.97,Credit Card,13732.82,9015.58,4717.24
TA3-0189,2025-08-17 20:52:10.434782608,Bengaluru,Clothing,3049.48,7,2.76,Debit Card,20757.2,11848.77,8908.43
TA3-0190,2025-08-19 02:05:13.043478260,Hyderabad,Beauty,1196.86,5,8.87,Net Banking,5453.49,3848.63,1604.86
TA3-0191,2025-08-20 07:18:15.652173912,Lucknow,Electronics,4126.77,7,7.18,UPI,26813.28,15291.18,11522.1
TA3-0192,2025-08-21 12:31:18.260869564,Hyderabad,Beauty,1790.9,1,7.41,Debit Card,1658.19,1310.15,348.04
TA3-0193,2025-08-22 17:44:20.869565216,Jaipur,Groceries,1803.33,5,5.84,Debit Card,8490.08,5264.81,3225.27
TA3-0194,2025-08-23 22:57:23.478260868,Bengaluru,Beauty,255.84,1,,Cash,253.15,180.24,72.91
TA3-0195,2025-08-25 04:10:26.086956520,Bengaluru,Electronics,2788.71,2,0.45,Credit Card,5552.32,4519.72,1032.6
TA3-0196,2025-08-26 09:23:28.695652172,Pune,Groceries,2718.68,4,24.69,Debit Card,8189.75,6103.52,2086.23
TA3-0197,2025-08-27 14:36:31.304347824,Lucknow,Beauty,1844.36,1,10.69,Debit Card,1647.2,1169.33,477.87
TA3-0198,2025-08-28 19:49:33.913043476,Mumbai,Groceries,4481.66,5,9.61,Net Banking,20254.86,13110.97,7143.89
TA3-0199,2025-08-30 01:02:36.521739132,Mumbai,Furniture,730.87,2,16.99,Net Banking,1213.39,788.58,424.81
TA3-0200,2025-08-31 06:15:39.130434784,Hyderabad,Furniture,1717.49,1,5.46,UPI,1623.72,1219.16,404.56
TA3-0201,2025-09-01 11:28:41.739130436,Pune,Beauty,1675.76,3,23.75,Cash,3833.3,3251.57,581.73
TA3-0202,2025-09-02 16:41:44.347826088,Delhi,Groceries,552.22,7,19.66,UPI,3105.57,2324.68,780.89
TA3-0203,2025-09-03 21:54:46.956521740,Hyderabad,Electronics,2457.61,4,2.24,Net Banking,9610.24,6893.76,2716.48
TA3-0204,2025-09-05 03:07:49.565217392,Pune,Beauty,3470.15,1,10.44,Credit Card,3107.87,2390.56,717.31
TA3-0205,2025-09-06 08:20:52.173913044,Lucknow,Furniture,2607.12,2,21.98,Net Banking,4068.15,2805.24,1262.91
TA3-0206,2025-09-07 13:33:54.782608696,Lucknow,Furniture,869.19,3,23.62,Cash,1991.66,1131.35,860.31
TA3-0207,2025-09-08 18:46:57.391304348,Lucknow,Beauty,1948.7,6,11.69,Net Banking,10325.38,7420.74,2904.64
TA3-0208,2025-09-10 00:00:00.000000000,Lucknow,Groceries,112.72,2,15.34,Cash,190.86,159.8,31.06
TA3-0209,2025-09-11 05:13:02.608695652,Lucknow,Furniture,4354.68,7,4.18,Cash,29208.58,17600.82,11607.76
TA3-0210,2025-09-12 10:26:05.217391304,Pune,Groceries,514.13,2,24.78,Cash,773.46,585.51,187.95
TA3-0211,2025-09-13 15:39:07.826086956,Pune,Furniture,3026.66,3,5.79,,8554.25,5220.49,3333.76
TA3-0212,2025-09-14 20:52:10.434782608,Bengaluru,Furniture,4932.66,2,23.57,,7540.06,5359.08,2180.98
TA3-0213,2025-09-16 02:05:13.043478260,Mumbai,Clothing,2729.29,3,16.24,Credit Card,6858.16,3970.89,2887.27
TA3-0214,2025-09-17 07:18:15.652173912,Jaipur,Furniture,4627.8,1,15.19,UPI,3924.84,2688.95,1235.89
TA3-0215,2025-09-18 12:31:18.260869564,Lucknow,Electronics,1256.97,3,12.82,Debit Card,3287.48,2553.88,733.6
TA3-0216,2025-09-19 17:44:20.869565216,Delhi,Beauty,3823.78,3,5.77,UPI,10809.44,7072.31,3737.13
TA3-0217,2025-09-20 22:57:23.478260868,Jaipur,Beauty,2703.2,4,4.41,Cash,10335.96,7746.53,2589.43
TA3-0218,2025-09-22 04:10:26.086956520,Pune,Groceries,3630.53,3,5.51,Credit Card,10291.46,8116.21,2175.25
TA3-0219,2025-09-23 09:23:28.695652172,Delhi,Furniture,405.47,3,4.66,Net Banking,1159.73,960.43,199.3
TA3-0220,2025-09-24 14:36:31.304347824,Delhi,Electronics,823.92,6,19.49,Credit Card,3980.03,2469.18,1510.85
TA3-0221,2025-09-25 19:49:33.913043476,Delhi,Groceries,752.27,1,8.75,Cash,686.45,459.78,226.67
TA3-0222,2025-09-27 01:02:36.521739128,Bengaluru,Clothing,3467.11,7,1.45,Credit Card,23917.86,14248.46,9669.4
TA3-0223,2025-09-28 06:15:39.130434784,Pune,Groceries,4237.76,4,24.23,Credit Card,12843.8,10888.27,1955.53
TA3-0224,2025-09-29 11:28:41.739130436,Delhi,Groceries,3773.12,6,22.09,Cash,17637.83,14605.89,3031.94
TA3-0225,2025-09-30 16:41:44.347826088,Lucknow,Furniture,249.31,5,23.19,Credit Card,957.48,681.71,275.77
TA3-0226,2025-10-01 21:54:46.956521740,Hyderabad,Clothing,4349.35,1,24.87,Debit Card,3267.67,2622.66,645.01
TA3-0227,2025-10-03 03:07:49.565217392,Delhi,Groceries,1835.32,1,4.35,Debit Card,1755.48,1239.87,515.61
TA3-0228,2025-10-04 08:20:52.173913044,Bengaluru,Electronics,2046.1,5,9.91,Credit Card,9216.66,6793.38,2423.28
TA3-0229,2025-10-05 13:33:54.782608696,Jaipur,Electronics,613.86,7,18.96,Net Banking,3482.31,2008.38,1473.93
TA3-0230,2025-10-06 18:46:57.391304348,Pune,Beauty,3713.29,3,17.4,Cash,9201.53,7145.73,2055.8
TA3-0231,2025-10-08 00:00:00.000000000,Bengaluru,Clothing,993.19,6,3.85,Debit Card,5729.71,3370.87,2358.84
TA3-0232,2025-10-09 05:13:02.608695652,Delhi,Clothing,2863.43,2,20.4,Net Banking,4558.58,3636.93,921.65
TA3-0233,2025-10-10 10:26:05.217391304,Pune,Beauty,4219.48,4,5.61,Credit Card,15931.07,12499.65,3431.42
TA3-0234,2025-10-11 15:39:07.826086956,Hyderabad,Groceries,537.1,2,5.6,Net Banking,1014.04,773.33,240.71
TA3-0235,2025-10-12 20:52:10.434782608,Delhi,Clothing,2723.14,5,13.42,UPI,11788.47,6611.54,5176.93
TA3-0236,2025-10-14 02:05:13.043478260,Bengaluru,Electronics,1242.76,1,14.82,Debit Card,1058.58,678.48,380.1
TA3-0237,2025-10-15 07:18:15.652173912,Mumbai,Electronics,1780.34,7,14.5,Credit Card,10655.33,6701.5,3953.83
TA3-0238,2025-10-16 12:31:18.260869564,Lucknow,Furniture,2422.45,1,2.29,Cash,2366.98,1557.57,809.41
TA3-0239,2025-10-17 17:44:20.869565216,Jaipur,Clothing,1840.01,4,21.94,Credit Card,5745.25,3310.95,2434.3
TA3-0240,2025-10-18 22:57:23.478260868,Bengaluru,Groceries,3279.23,1,6.64,Cash,3061.49,2544.37,517.12
TA3-0241,2025-10-20 04:10:26.086956520,Pune,Beauty,2449.95,1,3.24,Credit Card,2370.57,1697.66,672.91
TA3-0242,2025-10-21 09:23:28.695652172,Delhi,Beauty,2962.58,4,22.22,Net Banking,9217.18,5914.27,3302.91
TA3-0243,2025-10-22 14:36:31.304347824,Lucknow,Groceries,3710.43,6,23.89,Net Banking,16944.05,11337.17,5606.88
TA3-0244,2025-10-23 19:49:33.913043476,Delhi,Furniture,2832.94,6,21.55,Net Banking,13334.65,9123.04,4211.61
TA3-0245,2025-10-25 01:02:36.521739128,Pune,Beauty,2974.02,4,20.24,UPI,9488.31,6928.16,2560.15
TA3-0246,2025-10-26 06:15:39.130434784,Delhi,Clothing,2865.85,7,16.38,Cash,16774.97,11821.39,4953.58
TA3-0247,2025-10-27 11:28:41.739130436,Mumbai,Furniture,1955.99,5,13.77,Net Banking,8433.25,6964.33,1468.92
TA3-0248,2025-10-28 16:41:44.347826088,Lucknow,Clothing,1753.49,1,2.17,UPI,1715.44,1199.25,516.19
TA3-0249,2025-10-29 21:54:46.956521740,Lucknow,Electronics,4508.27,7,10.21,Cash,28335.83,24018.79,4317.04
TA3-0250,2025-10-31 03:07:49.565217392,Pune,Furniture,3077.02,1,9.32,Credit Card,2790.24,2247.34,542.9
TA3-0251,2025-11-01 08:20:52.173913044,Jaipur,Beauty,1297.33,5,6.49,UPI,6065.67,3715.55,2350.12
TA3-0252,2025-11-02 13:33:54.782608696,Mumbai,Furniture,2541.41,6,18.09,Debit Card,12490.01,10356.45,2133.56
TA3-0253,2025-11-03 18:46:57.391304348,Bengaluru,Furniture,1718.71,7,12.4,UPI,10539.13,6164.44,4374.69
TA3-0254,2025-11-05 00:00:00.000000000,Delhi,Furniture,4675.09,3,2.03,UPI,13740.56,10926.97,2813.59
TA3-0255,2025-11-06 05:13:02.608695652,Hyderabad,Furniture,136.92,3,5.5,Cash,388.17,257.82,130.35
TA3-0256,2025-11-07 10:26:05.217391304,Delhi,Clothing,1204.13,3,17.08,Credit Card,2995.39,2436.43,558.96
TA3-0257,2025-11-08 15:39:07.826086956,Delhi,Electronics,1890.25,6,1.9,Debit Card,11126.01,9016.71,2109.3
TA3-0258,2025-11-09 20:52:10.434782608,Bengaluru,Groceries,2490.27,6,21.28,Net Banking,11762.04,9312.92,2449.12
TA3-0259,2025-11-11 02:05:13.043478260,Delhi,Furniture,4269.01,5,12.38,Net Banking,18702.53,14719.06,3983.47
TA3-0260,2025-11-12 07:18:15.652173912,Mumbai,Beauty,530.65,1,12.01,UPI,466.92,299.48,167.44
TA3-0261,2025-11-13 12:31:18.260869564,Mumbai,Furniture,4048.74,5,14.81,Cash,17245.61,9903.74,7341.87
TA3-0262,2025-11-14 17:44:20.869565216,Lucknow,Beauty,372.7,5,20.62,Cash,1479.25,992.42,486.83
TA3-0263,2025-11-15 22:57:23.478260868,Pune,Clothing,4227.34,6,8.7,Net Banking,23157.37,13942.06,9215.31
TA3-0264,2025-11-17 04:10:26.086956520,Jaipur,Beauty,353.01,3,16.95,Debit Card,879.52,667.1,212.42
TA3-0265,2025-11-18 09:23:28.695652172,Hyderabad,Groceries,189.39,2,14.14,Credit Card,325.22,212.64,112.58
TA3-0266,2025-11-19 14:36:31.304347824,Delhi,Electronics,3515.11,1,6.68,Debit Card,3280.3,2764.25,516.05
TA3-0267,2025-11-20 19:49:33.913043476,Delhi,Beauty,4986.55,6,21.97,Credit Card,23346.03,17329.56,6016.47
TA3-0268,2025-11-22 01:02:36.521739128,Bengaluru,Beauty,4493.39,3,19.94,Net Banking,10792.22,8598.64,2193.58
TA3-0269,2025-11-23 06:15:39.130434784,Pune,Electronics,2922.39,7,16.46,Credit Card,17089.55,10078.69,7010.86
TA3-0270,2025-11-24 11:28:41.739130436,Mumbai,Groceries,4595.24,2,21.26,Cash,7236.58,5851.53,1385.05
TA3-0271,2025-11-25 16:41:44.347826088,Hyderabad,Furniture,125.97,2,21.68,UPI,197.32,163.15,34.17
TA3-0272,2025-11-26 21:54:46.956521740,Lucknow,Beauty,4877.83,6,17.71,UPI,24083.8,16765.18,7318.62
TA3-0273,2025-11-28 03:07:49.565217392,Mumbai,Electronics,2504.67,4,20.93,Net Banking,7921.77,5797.75,2124.02
TA3-0274,2025-11-29 08:20:52.173913044,Pune,Clothing,3642.19,1,17.44,Cash,3006.99,2343.78,663.21
TA3-0275,2025-11-30 13:33:54.782608696,Jaipur,Electronics,4122.22,2,17.0,Debit Card,6842.89,4122.51,2720.38
TA3-0276,2025-12-01 18:46:57.391304348,Lucknow,Clothing,3620.44,6,15.47,Cash,18362.15,12867.64,5494.51
TA3-0277,2025-12-03 00:00:00.000000000,Jaipur,Groceries,2721.68,6,18.82,UPI,13256.76,8876.71,4380.05
TA3-0278,2025-12-04 05:13:02.608695652,Bengaluru,Furniture,2435.44,3,3.97,UPI,7016.26,4167.04,2849.22
TA3-0279,2025-12-05 10:26:05.217391304,Bengaluru,Electronics,4209.05,7,22.02,Cash,22975.52,15169.82,7805.7
TA3-0280,2025-12-06 15:39:07.826086956,Delhi,Beauty,1104.88,4,21.8,Cash,3456.06,1971.52,1484.54
TA3-0281,2025-12-07 20:52:10.434782608,Jaipur,Groceries,4843.17,1,0.73,UPI,4807.81,2681.53,2126.28
TA3-0282,2025-12-09 02:05:13.043478260,Pune,Electronics,3583.67,5,20.65,Debit Card,14218.21,8396.56,5821.65
TA3-0283,2025-12-10 07:18:15.652173912,Hyderabad,Beauty,1077.58,7,3.22,Net Banking,7300.17,6124.36,1175.81
TA3-0284,2025-12-11 12:31:18.260869564,Lucknow,Electronics,3707.61,7,8.38,Net Banking,23778.39,16998.19,6780.2
TA3-0285,2025-12-12 17:44:20.869565216,Mumbai,Clothing,2696.22,3,18.59,Cash,6584.98,5529.71,1055.27
TA3-0286,2025-12-13 22:57:23.478260868,Pune,Electronics,3565.43,2,4.02,Net Banking,6844.2,4652.34,2191.86
TA3-0287,2025-12-15 04:10:26.086956520,Pune,Electronics,3862.12,2,20.45,UPI,6144.63,3954.34,2190.29
TA3-0288,2025-12-16 09:23:28.695652172,Bengaluru,Electronics,527.72,3,20.8,UPI,1253.86,880.01,373.85
TA3-0289,2025-12-17 14:36:31.304347824,Jaipur,Groceries,2579.91,6,12.69,Cash,13515.12,9215.33,4299.79
TA3-0290,2025-12-18 19:49:33.913043476,Delhi,Electronics,4666.87,2,,Cash,9318.81,5420.75,3898.06
TA3-0291,2025-12-20 01:02:36.521739128,Delhi,Beauty,1671.15,4,7.18,Cash,6204.65,4605.39,1599.26
TA3-0292,2025-12-21 06:15:39.130434784,Lucknow,Clothing,3010.03,1,15.42,Debit Card,2545.88,1565.24,980.64
TA3-0293,2025-12-22 11:28:41.739130436,Bengaluru,Clothing,1909.23,7,24.53,Net Banking,10086.27,7422.25,2664.02
TA3-0294,2025-12-23 16:41:44.347826088,Pune,Electronics,2325.91,7,15.8,Cash,13708.91,10213.96,3494.95
TA3-0295,2025-12-24 21:54:46.956521740,Hyderabad,Groceries,2788.16,4,6.5,Credit Card,10427.72,6210.83,4216.89
TA3-0296,2025-12-26 03:07:49.565217392,Bengaluru,Groceries,2789.72,2,15.85,Credit Card,4695.1,2668.72,2026.38
TA3-0297,2025-12-27 08:20:52.173913044,Lucknow,Beauty,1088.48,7,13.5,UPI,6590.75,5168.65,1422.1
TA3-0298,2025-12-28 13:33:54.782608696,Lucknow,Electronics,3454.4,5,19.5,Net Banking,13903.96,9565.09,4338.87
TA3-0299,2025-12-29 18:46:57.391304348,Bengaluru,Clothing,530.55,1,2.67,Cash,516.38,293.02,223.36
TA3-0300,2025-12-31 00:00:00.000000000,Lucknow,Groceries,780.24,1,19.03,Credit Card,631.76,536.02,95.74
